<?xml version="1.0" encoding="UTF-8"?>
<root>
    <doclet-version-NOT-library-version>1.02</doclet-version-NOT-library-version>
    <class>
        <name>com.stevel05.MidiDriverWrapper</name>
        <shortname>MidiDriver</shortname>
        <owner>process</owner>
        <event>Midi_Ready</event>
        <method>
            <name>Start</name>
            <comment>Start the Midi Driver</comment>
            <returntype>void</returntype>
        </method>
        <method>
            <name>Stop</name>
            <comment>Stop the Midi Driver</comment>
            <returntype>void</returntype>
        </method>
        <method>
            <name>SendMidi</name>
            <comment></comment>
            <returntype>void</returntype>
            <parameter>
                <name>msg</name>
                <type>byte[]</type>
            </parameter>
        </method>
        <method>
            <name>Initialize</name>
            <comment>Initialize the Midi Driver</comment>
            <returntype>void</returntype>
            <parameter>
                <name>ba</name>
                <type>anywheresoftware.b4a.BA</type>
            </parameter>
        </method>
    </class>
    <version>2.0</version>
    <author>Steve Laming</author>
    <dependsOn>android-support-v4</dependsOn>
</root>
